-- MySQL dump 10.13  Distrib 5.5.29, for debian-linux-gnu (i686)
--
-- Host: localhost    Database: smartOrder
-- ------------------------------------------------------
-- Server version	5.5.29-0ubuntu0.12.04.1

/*!40101 SET @OLD_CHARACTER_SET_CLIENT=@@CHARACTER_SET_CLIENT */;
/*!40101 SET @OLD_CHARACTER_SET_RESULTS=@@CHARACTER_SET_RESULTS */;
/*!40101 SET @OLD_COLLATION_CONNECTION=@@COLLATION_CONNECTION */;
/*!40101 SET NAMES utf8 */;
/*!40103 SET @OLD_TIME_ZONE=@@TIME_ZONE */;
/*!40103 SET TIME_ZONE='+00:00' */;
/*!40014 SET @OLD_UNIQUE_CHECKS=@@UNIQUE_CHECKS, UNIQUE_CHECKS=0 */;
/*!40014 SET @OLD_FOREIGN_KEY_CHECKS=@@FOREIGN_KEY_CHECKS, FOREIGN_KEY_CHECKS=0 */;
/*!40101 SET @OLD_SQL_MODE=@@SQL_MODE, SQL_MODE='NO_AUTO_VALUE_ON_ZERO' */;
/*!40111 SET @OLD_SQL_NOTES=@@SQL_NOTES, SQL_NOTES=0 */;

--
-- Table structure for table `category`
--

DROP TABLE IF EXISTS `category`;
/*!40101 SET @saved_cs_client     = @@character_set_client */;
/*!40101 SET character_set_client = utf8 */;
CREATE TABLE `category` (
  `c_id` smallint(5) unsigned NOT NULL AUTO_INCREMENT,
  `c_name` char(15) NOT NULL,
  `c_enName` char(15) NOT NULL,
  PRIMARY KEY (`c_id`)
) ENGINE=InnoDB AUTO_INCREMENT=7 DEFAULT CHARSET=utf8;
/*!40101 SET character_set_client = @saved_cs_client */;

--
-- Dumping data for table `category`
--

LOCK TABLES `category` WRITE;
/*!40000 ALTER TABLE `category` DISABLE KEYS */;
INSERT INTO `category` VALUES (1,'스테이크','STEAK'),(2,'샐러드','SALAD'),(3,'오지타이저','AUSSIE-TIZERS'),(4,'씨푸드','SEAFOOD'),(5,'페이버릿','FAVORITES'),(6,'파스타','PASTA');
/*!40000 ALTER TABLE `category` ENABLE KEYS */;
UNLOCK TABLES;

--
-- Table structure for table `connectMenues`
--

DROP TABLE IF EXISTS `connectMenues`;
/*!40101 SET @saved_cs_client     = @@character_set_client */;
/*!40101 SET character_set_client = utf8 */;
CREATE TABLE `connectMenues` (
  `menuID` smallint(5) unsigned NOT NULL,
  `sidemenuID` smallint(5) unsigned NOT NULL,
  PRIMARY KEY (`menuID`,`sidemenuID`)
) ENGINE=InnoDB DEFAULT CHARSET=utf8;
/*!40101 SET character_set_client = @saved_cs_client */;

--
-- Dumping data for table `connectMenues`
--

LOCK TABLES `connectMenues` WRITE;
/*!40000 ALTER TABLE `connectMenues` DISABLE KEYS */;
INSERT INTO `connectMenues` VALUES (1,1),(1,2),(2,1),(2,3),(3,1),(3,3),(4,4),(15,1),(15,5),(16,1),(16,3),(18,4),(19,4),(20,2),(21,2),(22,4),(23,1),(23,6),(24,1),(24,2);
/*!40000 ALTER TABLE `connectMenues` ENABLE KEYS */;
UNLOCK TABLES;

--
-- Table structure for table `ingredient`
--

DROP TABLE IF EXISTS `ingredient`;
/*!40101 SET @saved_cs_client     = @@character_set_client */;
/*!40101 SET character_set_client = utf8 */;
CREATE TABLE `ingredient` (
  `i_id` smallint(5) unsigned NOT NULL AUTO_INCREMENT,
  `i_picture` char(100) DEFAULT NULL,
  `i_krName` char(15) DEFAULT NULL,
  `i_enName` char(15) DEFAULT NULL,
  `i_detail` text,
  `i_addTitle` char(50) DEFAULT NULL,
  `i_addDetail` text,
  `i_menuID` smallint(5) unsigned NOT NULL,
  PRIMARY KEY (`i_id`)
) ENGINE=InnoDB AUTO_INCREMENT=5 DEFAULT CHARSET=utf8;
/*!40101 SET character_set_client = @saved_cs_client */;

--
-- Dumping data for table `ingredient`
--

LOCK TABLES `ingredient` WRITE;
/*!40000 ALTER TABLE `ingredient` DISABLE KEYS */;
INSERT INTO `ingredient` VALUES (1,'/images/menu/ingredient/img_partofmeat_rib_sirloin.png','설도','SIRLOIN','아웃백 서로인 부위는 채끝 등심이 끝나는 허리부분에서 분리되는 Top Sirloin(또는 Sirloun butt, 한국명 보섭살or설도)이라는 부위이며 다른 부위에 비해 지방이 적고 근육질이 부드러워서 스테이크로 사용하기에 풍미가 좋습니다. \'아웃백 서로인\'은 아웃백을 대표하는 대표 메뉴이기도 합니다.','KIDS LOVE AUSTRALIAN BEEF','뉴욕스트립 스테이크 원료인 호주 청정우는 호주에서도 가장 청정한 목장에서 태어나는 순간부터 아웃백에 들어오는 순간까지 깨끗하게 관리 받고 안전하게 공급되는 쇠고기입니다.',1),(2,'/images/menu/ingredient/img_partofmeat_rib_eye2.png','꽃등심','RIB EYE','아웃백 립아이는 큰 등심에서 겉부분에 부착된 덧살과 힘줄 등을 제거하여 가운데 부분만 정선한 꽃등심 부위를 사용하고 있으며, 소의 부위 중에서 대표적으로 부드러운 육질로 선호도가 가장 높은 고급 부위입니다. 스테이크로 드실 때 고소하면서 짙은 풍미를 느끼기에 가장 적합한 부위입니다.','KIDS LOVE AUSTRALIAN BEEF','뉴욕스트립 스테이크 원료인 호주 청정우는 호주에서도 가장 청정한 목장에서 태어나는 순간부터 아웃백에 들어오는 순간까지 깨끗하게 관리 받고 안전하게 공급되는 쇠고기입니다.',2),(3,'/images/menu/ingredient/img_partofmeat_rib_tenderloin.png','안심','TENDERLOIN','채끝등심과 척추뼈를 사이에 두고 안쪽에 부착된 부위로 소고기 중 가장 연한 부위로 알려져 있습니다. 소 한마리에서 약 6Kg내외로 생산되는 소량 부위로 지방이 적고 부드러운 맛이 좋아서 스테이크의 풍미를 잘 살려줍니다. 아웃백에서는 샤토 브리앙 포 투 스테이크로 최고급의 안심 스테이크를 맛보실 수 있습니다.','KIDS LOVE AUSTRALIAN BEEF','뉴욕스트립 스테이크 원료인 호주 청정우는 호주에서도 가장 청정한 목장에서 태어나는 순간부터 아웃백에 들어오는 순간까지 깨끗하게 관리 받고 안전하게 공급되는 쇠고기입니다.',3),(4,'/images/menu/ingredient/img_partofmeat_rib_strip.png','채끝등심','STRIP','채끝등심으로 갈비 아래부터 허리까지의 등심부위를 의미하며, 등심에 비해 지방은 다소 적으나 스테이크로서의 풍미는 상당히 좋아서 스테이크 매니아들이 즐겨 찾는 부위입니다.미국의 뉴욕주와 비슷한 모양의 채끝 등심을 특별히 뉴욕스트립으로 부르기도 합니다.','KIDS LOVE AUSTRALIAN BEEF','뉴욕스트립 스테이크 원료인 호주 청정우는 호주에서도 가장 청정한 목장에서 태어나는 순간부터 아웃백에 들어오는 순간까지 깨끗하게 관리 받고 안전하게 공급되는 쇠고기입니다.',4);
/*!40000 ALTER TABLE `ingredient` ENABLE KEYS */;
UNLOCK TABLES;

--
-- Table structure for table `likeCount`
--

DROP TABLE IF EXISTS `likeCount`;
/*!40101 SET @saved_cs_client     = @@character_set_client */;
/*!40101 SET character_set_client = utf8 */;
CREATE TABLE `likeCount` (
  `l_id` smallint(5) unsigned NOT NULL AUTO_INCREMENT,
  `l_cnt` int(10) unsigned DEFAULT '0',
  PRIMARY KEY (`l_id`)
) ENGINE=InnoDB AUTO_INCREMENT=2 DEFAULT CHARSET=utf8;
/*!40101 SET character_set_client = @saved_cs_client */;

--
-- Dumping data for table `likeCount`
--

LOCK TABLES `likeCount` WRITE;
/*!40000 ALTER TABLE `likeCount` DISABLE KEYS */;
INSERT INTO `likeCount` VALUES (1,160);
/*!40000 ALTER TABLE `likeCount` ENABLE KEYS */;
UNLOCK TABLES;

--
-- Table structure for table `menu`
--

DROP TABLE IF EXISTS `menu`;
/*!40101 SET @saved_cs_client     = @@character_set_client */;
/*!40101 SET character_set_client = utf8 */;
CREATE TABLE `menu` (
  `m_id` smallint(5) unsigned NOT NULL AUTO_INCREMENT,
  `m_name` char(35) NOT NULL,
  `m_enName` char(35) NOT NULL,
  `m_price` mediumint(8) unsigned NOT NULL,
  `m_picture` char(100) DEFAULT NULL,
  `m_compose` char(100) DEFAULT NULL,
  `m_cookTime` smallint(5) unsigned NOT NULL DEFAULT '15',
  `m_detail` text,
  `m_catID` smallint(5) unsigned DEFAULT NULL,
  PRIMARY KEY (`m_id`)
) ENGINE=InnoDB AUTO_INCREMENT=30 DEFAULT CHARSET=utf8;
/*!40101 SET character_set_client = @saved_cs_client */;

--
-- Dumping data for table `menu`
--

LOCK TABLES `menu` WRITE;
/*!40000 ALTER TABLE `menu` DISABLE KEYS */;
INSERT INTO `menu` VALUES (1,'머쉬룸 서로인 스테이크 포 유','Mushroom Sirloin Steak for You',29000,'/images/menu/steak/grid_20130523122803.png','소고기, 탑서로인, 호주산, 250g',20,'머쉬룸 그레이비 소스가 더해진 서로인 스테이크',1),(2,'갈릭 립아이','Garlic Ribeye',34500,'/images/menu/steak/grid_20130523134625.png','소고기, 꽃등심, 호주산, 280g',20,'발사믹 소스에 조리한 마늘이 어우러진 꽃등심 스테이크',1),(3,'휠렛 오스카 스타일','Filet Oscar Style',38000,'/images/menu/steak/grid_20130523122731.png','소고기, 안심, 호주산, 180g',20,'치즈소스에 새우, 아스파라거스가 곁들여진 안심 스테이크',1),(4,'우드 화이어 그릴 스테이크 오 포와','Wood Fire Grill Steak Au Poivre',36500,'/images/menu/steak/grid_20130523135237.png','소고기, 채끝등심, 호주산, 280g',20,'참나무로 구운 프렌치 페퍼 채끝등심 스테이크\n(*일부매장 프레임 그릴드 방식 제공됩니다.)',1),(5,'레몬 시저 샐러드','Lemon Caesar Salad',20500,'/images/menu/salad/grid_20130426005111.png','',15,'바삭하게 튀긴 새우, 한치와 베이컨, 파마산 치즈가 토핑된 로메인 레티스 시저 샐러드',2),(6,'캘리포니아 스테이크 샐러드','California Steak Salad',20900,'/images/menu/salad/grid_20130508133640.png','소고기, 호주산, 110g',15,'슬라이스된 스테이크를 올려 나쵸칩과 살사소스, 랜치 드레싱을 곁들인 샐러드',2),(7,'치킨 텐더 샐러드','Chicken Tender Salad',19900,'/images/menu/salad/grid_20130426004516.png','닭고기.국내산',15,'부드럽고 고소한 닭 안심 튀김을 올린 샐러드',2),(8,'그릴드 씨푸드 로메인 샐러드','Grilled Seafood Romaine Salad',20900,'/images/menu/salad/grid_20130430165953.png','',15,'담백한 그릴드 스캘럽, 쉬림프, 깔라마리를 올린 로메인 시저 샐러드로 와인 비네가렛 드레싱과 함께 제공됩니다.',2),(9,'스파이시 비프 퀘사디아','Spicy Beef Quesadilla',16900,'/images/menu/aussie_tizers/grid_20140919004441.png','소고기, 호주산, 55g',10,'비프와 야채를 그릴에 볶아 치즈와 함께 또띠아에 넣어 구운 매콤한 퀘사디아',3),(10,'골드 코스트 코코넛 쉬림프','Gold Coast Coconut Shrimp',17900,'/images/menu/aussie_tizers/grid_20130523115820.png','',10,'달콤하고 고소한 코코넛 가루를 묻혀 바삭하게 튀긴 새우요리',3),(11,'오지 치즈 후라이즈','Aussie Cheese Fries',18900,'/images/menu/aussie_tizers/grid_20130523115905.png','',10,'두툼한 감자튀김에 체다치즈, 잭치즈를 듬뿍녹여 베이컨을 뿌린 메뉴',3),(12,'그릴드 쿠카부라 윙','Grilled Kookaburra Wings',15900,'/images/menu/aussie_tizers/grid_20140919005230.png','닭고기, 국내산',10,'그릴에 구워 기름기가 적고 담백한 닭날개 요리',3),(13,'레인지랜드 립레츠','Rangeland Riblets',15500,'/images/menu/aussie_tizers/grid_20140829160708.png','돼지갈비, 프랑스산, 220g',10,'매콤달콤한 바비큐 소스를 바른 돼지갈비 요리',3),(14,'기브미 파이브','Gimme Five',30900,'/images/menu/aussie_tizers/grid_20140919004020.png','닭고기, 국내산 / 돼지갈비, 프랑스산 /소고기, 호주산',10,'인기 애피타이저 5가지를 한번에 맛보세요\n(골드 코스트 코코넛 쉬림프, 스파이시 비프 퀘사디아, 레인지랜드 립레츠, 블루밍 머쉬룸, 치킨핑거)',3),(15,'치즈 랍스터 & 쉬림프 케익','Cheese Lobster & Shrimp Cake',32500,'/images/menu/seafood/grid_20140707165521.png','',20,'치즈랍스터와 쉬림프 케익의 콤비네이션 (수프 제공)',4),(16,'웨스턴 그릴드 씨푸드 플래터','Western Grilled Seafood Platter',47900,'/images/menu/seafood/grid_20130522183050.png','',20,'그릴드 랍스터, BBQ 글레이즈드 쉬림프, 케이준 그릴드 스노우 크랩이 함께 제공되는 플래터 (수프 제공)',4),(17,'피시 & 칩스','Fish & Chips',18500,'/images/menu/seafood/grid_20140919021831.png','',20,'바삭하게 튀긴 코드(대구)에 파마산 감자튀김을 함께 제공하는 요리',4),(18,'베이비 백 립 (400g)','Baby Back Ribs',32900,'/images/menu/favorites/grid_20140919014938.png','돼지갈비, 프랑스산, 400g',20,'부드러운 어린 돼지갈비에 아웃백만의 특제 소스를 발라 구워낸 바비큐 요리.\n(소스 선택: 오리지널 바비큐 또는 애플머스타드 소스)',5),(19,'베이비 백 립 (550g)','Baby Back Ribs',37500,'/images/menu/favorites/grid_20140919015133.png','돼지갈비, 프랑스산, 550g',20,'부드러운 어린 돼지갈비에 아웃백만의 특제 소스를 발라 구워낸 바비큐 요리.\n(소스 선택: 오리지널 바비큐 또는 애플머스타드 소스)',5),(20,'버팔로 비프 립','Buffalo Beef Ribs',37500,'/images/menu/favorites/grid_20140702173048.png','소갈비, 호주산, 500g',20,'매콤한 버팔로 소스로 풍미를 더한 텍사스 스타일의 부드러운 비프립',5),(21,'버팔로 비프 & 애플 머스타드 백 립','Buffalo Beef & Apple Mustard Back R',40900,'/images/menu/favorites/grid_20140702175916.png','소갈비, 호주산, 300g/돼지갈비, 프랑스산, 300g',20,'버팔로 비프 립과 애플 머스타드 백 립 을 동시에 맛볼 수 있는 콤보 메뉴',5),(22,'앨리스 스프링 치킨','Alice Springs Chicken',21900,'/images/menu/favorites/grid_20140702153315.png','닭고기.국내산',20,'구운 닭가슴살에 베이컨, 잭치즈, 체다치즈를 올려 오븐에 구운 요리',5),(23,'카카두 그릴러','Kakadu Griller',22900,'/images/menu/favorites/grid_20140701174106.png','소고기, 호주산, 250g',20,'갈비양념에 재워 그릴에서 볶아낸 슬라이스 비프요리',5),(24,'찹 스테이크 플래터','Chopped Steak Platter',22900,'/images/menu/favorites/grid_20140702153024.png','소고기, 호주산, 250g',20,'한국식 갈비소스에 재운 소고기 찹 스테이크',5),(25,'스파이시 치킨 & 쉬림프 스파게티','Spicy chicken & shrimp spaghetti',20500,'/images/menu/pasta/grid_20140919025312.png','닭고기.국내산',15,'담백한 치킨과 신선한 새우에 양파, 마늘로 맛을 더한 매콤하고 고소한 크림소스 파스타',6),(26,'투움바 파스타','Toowoomba Pasta',19900,'/images/menu/pasta/grid_20130523141209.png','',15,'최고급 파마산 치즈와 새우, 양송이를 함께 볶아 깊고 진한 크림소스 파스타',6),(27,'바질 페스토 올리브 파스타','Basil Pesto Olive Pasta',19900,'/images/menu/pasta/grid_20130523141225.png','',15,'새우와 아스파라거스를 볶아 선드라이 토마토, 바질 페스토 소스를 토핑한 올리브오일 파스타',6),(28,'씨푸드 뽀모도로','Seafood Pomodoro',19500,'/images/menu/pasta/grid_20140919024959.png','',15,'쉬림프, 깔라마리가 들어간 후레쉬 토마토 소스 파스타',6),(29,'치킨 까르보나라','Chicken Carbonara',20500,'/images/menu/pasta/grid_20140919025200.png','',15,'그릴드 치킨과 고소한 마늘 치즈 크림소스가 어우러진 정통 까르보나라 파스타',6);
/*!40000 ALTER TABLE `menu` ENABLE KEYS */;
UNLOCK TABLES;

--
-- Table structure for table `orderList`
--

DROP TABLE IF EXISTS `orderList`;
/*!40101 SET @saved_cs_client     = @@character_set_client */;
/*!40101 SET character_set_client = utf8 */;
CREATE TABLE `orderList` (
  `o_id` smallint(6) NOT NULL AUTO_INCREMENT,
  `o_sitTime` datetime NOT NULL,
  `o_total` int(11) DEFAULT '0',
  `o_memberID` char(15) DEFAULT NULL,
  `o_cardPayment` int(11) DEFAULT '0',
  `o_cashPayment` int(11) DEFAULT '0',
  `o_peopleNum` smallint(6) NOT NULL,
  PRIMARY KEY (`o_id`)
) ENGINE=InnoDB AUTO_INCREMENT=158 DEFAULT CHARSET=utf8;
/*!40101 SET character_set_client = @saved_cs_client */;

--
-- Dumping data for table `orderList`
--

LOCK TABLES `orderList` WRITE;
/*!40000 ALTER TABLE `orderList` DISABLE KEYS */;
INSERT INTO `orderList` VALUES (1,'2015-03-24 21:48:47',63500,NULL,0,63500,3),(2,'2015-03-24 21:49:34',155300,NULL,0,155300,6),(3,'2015-03-24 22:02:01',40000,NULL,0,40000,2),(4,'2015-03-25 19:53:39',102400,NULL,0,102400,3),(5,'2015-03-25 19:54:32',102400,NULL,0,102400,3),(6,'2015-03-25 19:57:53',102400,NULL,0,102400,1),(7,'2015-03-26 13:12:09',89500,NULL,0,89500,3),(8,'2015-03-29 19:25:05',102400,NULL,102400,0,2),(9,'2015-03-29 19:26:37',102400,NULL,102400,0,2),(10,'2015-03-29 19:27:00',102400,NULL,0,102400,2),(11,'2015-03-29 19:49:16',102400,NULL,0,102400,3),(12,'2015-03-29 19:49:40',102400,NULL,0,102400,3),(13,'2015-03-29 19:50:02',102400,NULL,0,102400,3),(14,'2015-03-30 20:34:28',20500,NULL,0,20500,1),(15,'2015-03-30 20:34:48',20500,NULL,0,20500,1),(16,'2015-03-30 20:35:07',20500,NULL,0,20500,1),(17,'2015-03-30 20:35:25',20500,NULL,0,20500,1),(18,'2015-03-30 20:35:44',20500,NULL,0,20500,1),(19,'2015-03-30 20:36:02',20500,NULL,0,20500,1),(20,'2015-03-30 20:36:20',20500,NULL,0,20500,1),(21,'2015-03-30 20:36:37',20500,NULL,0,20500,1),(22,'2015-03-30 20:37:01',20500,NULL,0,20500,1),(23,'2015-03-30 21:37:36',29000,NULL,0,29000,3),(24,'2015-03-30 21:39:14',29000,NULL,0,29000,3),(25,'2015-03-30 21:58:06',29000,NULL,0,29000,3),(26,'2015-03-31 15:17:57',87000,NULL,0,87000,3),(27,'2015-03-31 18:55:17',17900,NULL,0,17900,3),(28,'2015-03-31 18:56:00',17900,NULL,0,17900,3),(29,'2015-03-31 18:57:46',20500,NULL,0,20500,3),(30,'2015-03-31 18:58:04',20500,NULL,0,20500,3),(31,'2015-03-31 19:17:40',20500,NULL,0,20500,3),(32,'2015-03-31 19:18:01',20500,NULL,0,20500,3),(33,'2015-03-31 19:18:20',20500,NULL,0,20500,3),(34,'2015-03-31 19:18:40',20500,NULL,0,20500,3),(35,'2015-03-31 19:56:09',20500,NULL,0,20500,3),(36,'2015-03-31 19:57:16',20500,NULL,0,20500,3),(37,'2015-03-31 19:57:39',20500,NULL,0,20500,3),(38,'2015-03-31 19:58:12',20500,NULL,0,20500,3),(39,'2015-03-31 20:04:18',20500,NULL,0,20500,3),(40,'2015-03-31 20:04:41',20500,NULL,0,20500,3),(41,'2015-04-09 20:47:34',29000,NULL,0,29000,3),(42,'2015-04-09 20:49:10',17900,NULL,0,17005,3),(43,'2015-04-09 21:08:02',34800,NULL,0,33060,3),(44,'2015-04-09 22:11:43',535400,NULL,0,535400,3),(45,'2015-04-09 22:43:35',553900,NULL,0,553900,3),(46,'2015-04-10 09:34:56',34800,NULL,0,33060,3),(47,'2015-01-02 11:48:47',63500,NULL,0,63500,3),(48,'2015-01-03 11:49:47',155300,NULL,0,155300,6),(49,'2015-01-04 11:49:47',40000,NULL,0,40000,2),(50,'2015-01-10 11:49:47',89500,NULL,0,89500,3),(51,'2015-02-02 11:48:47',63500,NULL,0,63500,3),(52,'2015-02-03 11:48:47',63500,NULL,0,63500,3),(53,'2015-02-03 11:48:47',63500,NULL,0,63500,3),(54,'2015-02-04 11:49:47',155300,NULL,0,155300,6),(55,'2015-02-08 11:49:47',40000,NULL,0,40000,2),(56,'2015-04-28 12:41:26',20500,NULL,0,20500,3),(57,'2015-04-28 14:08:50',20500,NULL,0,20500,3),(58,'2015-04-28 14:37:34',20500,NULL,0,20500,3),(59,'2015-04-29 20:52:29',20500,NULL,0,20500,3),(60,'2015-04-29 20:57:24',20500,NULL,0,20500,3),(61,'2015-04-29 20:58:09',20500,NULL,0,20500,3),(62,'2015-05-11 21:59:32',102400,NULL,0,97280,3),(63,'2015-05-11 22:01:19',34500,NULL,0,32775,3),(64,'2015-05-12 11:10:06',34500,NULL,0,32775,3),(65,'2015-05-12 11:40:00',255600,NULL,0,255600,3),(66,'2015-05-12 12:07:56',145200,NULL,0,137940,3),(67,'2015-05-12 14:01:38',196600,NULL,0,186770,3),(68,'2015-05-12 14:11:53',29000,NULL,0,27550,3),(69,'2015-05-12 15:05:20',29000,NULL,0,29000,3),(70,'2015-05-12 15:11:45',98300,NULL,0,98300,3),(71,'2015-05-14 04:08:17',20500,NULL,0,20500,3),(72,'2015-05-14 04:11:11',20500,NULL,0,20500,3),(73,'2015-05-14 04:11:31',20500,NULL,0,19475,3),(74,'2015-05-14 04:16:57',20500,NULL,0,19475,3),(75,'2015-05-14 04:17:50',20500,NULL,0,20500,3),(76,'2015-05-14 14:31:21',226800,NULL,0,226800,4),(77,'2015-05-14 14:32:31',182300,NULL,0,182300,4),(78,'2015-05-14 15:11:40',394200,NULL,0,394200,4),(79,'2015-05-14 19:29:46',128800,NULL,0,128800,4),(80,'2015-05-17 12:42:01',145200,NULL,0,137940,4),(81,'2015-05-18 22:40:17',20500,NULL,0,20500,3),(82,'2015-05-18 22:57:44',20500,NULL,0,20500,3),(83,'2015-05-19 00:02:26',20500,NULL,0,20500,3),(84,'2015-05-19 00:29:53',20500,NULL,0,20500,3),(85,'2015-05-19 00:32:45',20500,NULL,0,20500,3),(86,'2015-05-19 14:23:53',63500,NULL,0,63500,4),(87,'2015-05-19 14:50:57',29000,NULL,0,29000,4),(88,'2015-05-19 15:31:36',20500,NULL,0,20500,3),(89,'2015-05-19 15:32:30',20500,NULL,0,20500,3),(90,'2015-05-19 17:00:44',48900,NULL,48900,0,4),(91,'2015-05-19 17:08:25',49900,NULL,49900,0,4),(92,'2015-05-19 17:13:56',48900,NULL,48900,0,4),(93,'2015-05-20 11:16:10',267800,NULL,0,267800,4),(94,'2015-05-21 03:34:09',33800,NULL,0,33800,4),(95,'2015-05-25 21:47:14',20500,NULL,0,20500,3),(96,'2015-05-25 21:55:00',20500,NULL,0,20500,3),(97,'2015-05-25 22:11:05',20500,NULL,0,20500,3),(98,'2015-05-25 22:14:24',20500,NULL,0,20500,3),(99,'2015-05-25 22:28:36',20500,NULL,0,20500,3),(100,'2015-05-25 22:29:59',20500,NULL,0,20500,3),(101,'2015-05-25 22:31:15',20500,NULL,0,20500,3),(102,'2015-05-25 22:32:32',20500,NULL,0,20500,3),(103,'2015-05-26 13:48:26',20500,NULL,0,20500,3),(104,'2015-05-26 14:42:50',48900,NULL,0,48900,4),(105,'2015-05-26 15:15:34',115800,NULL,0,115800,4),(106,'2015-05-26 15:23:30',20500,NULL,0,20500,3),(107,'2015-05-26 15:27:39',20500,NULL,0,20500,3),(108,'2015-05-26 15:45:38',57400,NULL,0,57400,4),(109,'2015-05-26 15:48:55',57900,NULL,0,57900,4),(110,'2015-05-26 15:53:14',34500,NULL,34500,0,4),(111,'2015-05-26 15:55:02',55400,NULL,55400,0,4),(112,'2015-05-26 16:00:25',49500,NULL,49500,0,4),(113,'2015-05-26 16:03:53',29000,NULL,0,29000,4),(114,'2015-05-26 16:07:22',38000,NULL,0,38000,4),(115,'2015-05-26 16:16:56',29000,NULL,0,29000,4),(116,'2015-05-26 16:21:23',49500,NULL,0,49500,4),(117,'2015-05-26 16:37:15',49500,NULL,0,49500,4),(118,'2015-05-26 16:40:55',49500,NULL,0,49500,4),(119,'2015-05-26 16:49:05',49500,NULL,0,49500,4),(120,'2015-05-26 16:52:13',49500,NULL,0,49500,4),(121,'2015-05-26 16:54:21',49500,NULL,0,49500,4),(122,'2015-05-26 16:56:52',49500,NULL,0,49500,4),(123,'2015-05-26 16:58:56',49500,NULL,0,49500,4),(124,'2015-05-26 17:00:29',49500,NULL,0,49500,4),(125,'2015-05-26 18:26:13',49500,NULL,0,49500,4),(126,'2015-05-27 12:11:16',20500,NULL,0,20500,3),(127,'2015-05-27 12:16:05',20500,NULL,0,20500,3),(128,'2015-05-27 12:18:37',20500,NULL,0,20500,3),(129,'2015-05-27 12:19:19',20500,NULL,0,20500,3),(130,'2015-05-27 12:19:59',20500,NULL,0,20500,3),(131,'2015-05-27 12:30:37',20500,NULL,0,20500,3),(132,'2015-05-27 12:33:48',20500,NULL,0,20500,3),(133,'2015-05-27 12:43:54',20500,NULL,0,20500,3),(134,'2015-05-27 12:45:59',20500,NULL,0,20500,3),(135,'2015-05-27 12:47:28',20500,NULL,0,20500,3),(136,'2015-05-27 12:49:15',20500,NULL,0,20500,3),(137,'2015-05-27 12:51:16',20500,NULL,0,20500,3),(138,'2015-05-27 12:54:04',20500,NULL,0,20500,3),(139,'2015-05-27 12:55:41',20500,NULL,0,20500,3),(140,'2015-05-27 12:56:45',20500,NULL,0,20500,3),(141,'2015-05-27 12:59:14',20500,NULL,0,20500,3),(142,'2015-05-27 13:00:23',20500,NULL,0,20500,3),(143,'2015-05-27 13:01:49',20500,NULL,0,20500,3),(144,'2015-05-27 13:04:49',20500,NULL,0,20500,3),(145,'2015-05-27 13:06:11',20500,NULL,0,20500,3),(146,'2015-05-27 13:08:30',20500,NULL,0,20500,3),(147,'2015-05-27 18:03:17',29000,NULL,0,29000,4),(148,'2015-05-27 18:52:07',29000,NULL,0,29000,4),(149,'2015-05-27 18:55:28',29000,NULL,0,29000,4),(150,'2015-05-27 20:20:17',29000,NULL,0,29000,4),(151,'2015-05-27 20:24:24',29000,NULL,27550,0,4),(152,'2015-05-27 20:29:55',29000,NULL,0,29000,4),(153,'2015-05-28 19:19:13',58000,NULL,0,58000,4),(154,'2015-05-28 19:30:48',58000,NULL,0,58000,4),(155,'2015-05-29 11:13:14',58000,NULL,0,58000,4),(156,'2015-05-29 14:43:47',58000,NULL,0,58000,4),(157,'2015-06-01 17:25:27',20500,NULL,0,20500,3);
/*!40000 ALTER TABLE `orderList` ENABLE KEYS */;
UNLOCK TABLES;

--
-- Table structure for table `orderList_bak`
--

DROP TABLE IF EXISTS `orderList_bak`;
/*!40101 SET @saved_cs_client     = @@character_set_client */;
/*!40101 SET character_set_client = utf8 */;
CREATE TABLE `orderList_bak` (
  `no` int(11) NOT NULL AUTO_INCREMENT,
  `menu` varchar(5) NOT NULL DEFAULT '',
  `tableName` int(11) NOT NULL,
  `time` timestamp NOT NULL DEFAULT CURRENT_TIMESTAMP,
  `checkVal` int(11) DEFAULT '0',
  PRIMARY KEY (`no`)
) ENGINE=InnoDB AUTO_INCREMENT=175 DEFAULT CHARSET=utf8;
/*!40101 SET character_set_client = @saved_cs_client */;

--
-- Dumping data for table `orderList_bak`
--

LOCK TABLES `orderList_bak` WRITE;
/*!40000 ALTER TABLE `orderList_bak` DISABLE KEYS */;
INSERT INTO `orderList_bak` VALUES (1,'A',3,'2014-09-22 15:00:00',1),(2,'B',3,'2014-09-22 15:00:00',1),(3,'B',3,'2014-09-22 15:00:00',1),(4,'B',2,'2014-09-24 03:07:14',1),(5,'C',2,'2014-09-24 03:07:18',1),(6,'C',2,'2014-09-24 03:07:20',1),(7,'A',6,'2014-09-24 03:07:26',1),(8,'C',0,'2014-09-24 03:37:39',1),(9,'C',0,'2014-09-24 03:37:47',1),(10,'C',11,'2014-09-24 03:40:18',1),(11,'B',9,'2014-09-24 03:40:50',1),(12,'A',9,'2014-09-24 03:40:58',1),(13,'B',13,'2014-09-24 12:33:38',1),(14,'C',12,'2014-09-24 12:34:40',1),(15,'C',12,'2014-10-06 06:42:51',1),(16,'A',9,'2014-10-06 06:43:28',1),(17,'A',9,'2014-10-09 05:36:24',1),(18,'A',7,'2014-10-09 05:39:58',1),(19,'A',2,'2014-10-09 05:44:28',1),(20,'A',9,'2014-10-09 05:47:05',1),(21,'A',9,'2014-10-09 05:47:47',1),(22,'A',2,'2014-10-09 05:47:56',1),(23,'A',9,'2014-10-09 05:48:01',1),(24,'A',9,'2014-10-09 05:48:07',1),(25,'A',1,'2014-10-09 05:48:16',1),(26,'A',9,'2014-10-09 07:47:39',1),(27,'A',9,'2014-10-09 08:13:05',1),(28,'A',9,'2014-10-09 08:16:49',1),(29,'A',9,'2014-10-09 08:17:17',1),(30,'C',7,'2014-10-09 08:17:56',1),(31,'C',7,'2014-10-09 08:23:10',1),(32,'C',7,'2014-10-09 08:25:03',1),(33,'C',7,'2014-10-09 08:45:31',1),(34,'A',1,'2014-10-11 06:22:41',1),(35,'A',1,'2014-10-11 09:27:14',1),(36,'E',90,'2014-10-11 09:28:53',1),(37,'E',90,'2014-10-11 09:28:53',1),(38,'E',90,'2014-10-11 09:28:59',1),(39,'E',90,'2014-10-11 09:29:11',1),(40,'C',90,'2014-10-11 09:40:46',1),(41,'C',0,'2014-10-11 09:42:17',1),(42,'C',90,'2014-10-11 09:42:17',1),(43,'C',90,'2014-10-11 09:46:16',1),(44,'C',90,'2014-10-11 09:53:22',1),(45,'C',90,'2014-10-11 09:53:23',1),(46,'C',90,'2014-10-11 09:53:30',1),(47,'C',90,'2014-10-11 09:53:30',1),(48,'C',90,'2014-10-11 09:53:36',1),(49,'C',90,'2014-10-11 09:53:36',1),(50,'B',17,'2014-10-11 10:23:22',1),(51,'B',17,'2014-10-11 10:23:23',1),(52,'B',17,'2014-10-11 10:23:29',1),(53,'B',17,'2014-10-11 10:23:29',1),(54,'B',17,'2014-10-11 10:23:31',1),(55,'B',17,'2014-10-11 10:23:31',1),(56,'B',17,'2014-10-11 10:33:20',1),(57,'B',17,'2014-10-11 10:33:20',1),(58,'B',17,'2014-10-11 10:34:37',1),(59,'B',17,'2014-10-11 10:34:38',1),(60,'B',17,'2014-10-11 10:39:22',1),(61,'A',1,'2014-10-11 11:18:05',1),(62,'B',2,'2014-10-11 11:18:23',1),(63,'C',3,'2014-10-11 11:18:30',1),(64,'D',4,'2014-10-11 11:18:42',1),(65,'E',5,'2014-10-11 11:18:46',1),(66,'E',5,'2014-10-11 11:18:49',1),(67,'D',4,'2014-10-11 11:18:51',1),(68,'C',3,'2014-10-11 11:18:52',1),(69,'B',2,'2014-10-11 11:18:54',1),(70,'A',1,'2014-10-11 11:18:58',1),(71,'A',1,'2014-10-11 12:01:00',1),(72,'B',2,'2014-10-11 12:01:04',1),(73,'B',2,'2014-10-11 12:01:04',1),(74,'E',5,'2014-10-11 12:01:21',1),(75,'A',1,'2014-10-11 12:01:24',1),(76,'A',1,'2014-10-11 12:01:28',1),(77,'B',2,'2014-10-11 12:01:28',1),(78,'C',3,'2014-10-11 12:01:31',1),(79,'D',4,'2014-10-11 12:01:33',1),(80,'E',5,'2014-10-11 12:01:37',1),(81,'A',1,'2014-10-11 12:55:26',1),(82,'A',1,'2014-10-11 15:38:50',1),(83,'C',7,'2014-10-11 16:23:15',1),(84,'C',7,'2014-10-12 04:08:51',1),(85,'A',1,'2014-10-12 04:17:40',1),(86,'B',1,'2014-10-12 04:17:47',1),(87,'D',4,'2014-10-12 04:17:57',1),(88,'D',4,'2014-10-12 04:17:58',1),(89,'D',4,'2014-10-12 04:17:58',1),(90,'C',1,'2014-10-12 04:18:06',1),(91,'C',1,'2014-10-12 04:18:07',1),(92,'D',4,'2014-10-12 04:18:08',1),(93,'D',4,'2014-10-12 04:18:12',1),(94,'A',1,'2014-10-12 04:18:14',1),(95,'A',1,'2014-10-12 04:18:14',1),(96,'B',1,'2014-10-12 04:18:14',1),(97,'B',1,'2014-10-12 04:18:16',1),(98,'C',1,'2014-10-12 04:18:18',1),(99,'C',1,'2014-10-12 04:18:20',1),(100,'C',1,'2014-10-12 04:18:32',1),(101,'B',1,'2014-10-12 04:18:41',1),(102,'C',1,'2014-10-12 04:54:22',1),(103,'E',5,'2014-10-12 04:54:26',1),(104,'A',1,'2014-10-12 04:54:28',1),(105,'B',1,'2014-10-12 04:54:32',1),(106,'B',1,'2014-10-12 04:54:34',1),(107,'A',1,'2014-10-12 15:47:24',1),(108,'B',1,'2014-10-12 15:47:26',1),(109,'C',1,'2014-10-12 15:47:34',1),(110,'C',1,'2014-10-12 15:47:38',1),(111,'D',4,'2014-10-12 15:47:38',1),(112,'A',1,'2014-10-12 15:52:31',1),(113,'C',1,'2014-10-12 15:52:45',1),(114,'C',1,'2014-10-12 15:52:54',1),(115,'B',1,'2014-10-12 15:52:56',1),(116,'E',1,'2014-10-12 15:58:19',1),(117,'D',1,'2014-10-12 15:58:23',1),(118,'C',1,'2014-10-12 15:58:23',1),(119,'B',1,'2014-10-12 16:09:37',1),(120,'A',1,'2014-10-12 16:09:53',1),(121,'A',1,'2014-10-12 16:14:58',1),(122,'C',1,'2014-10-12 16:45:46',1),(123,'B',1,'2014-10-12 16:45:50',1),(124,'A',1,'2014-10-12 16:45:50',1),(125,'C',1,'2014-10-12 16:50:34',1),(126,'B',1,'2014-10-12 16:50:38',1),(127,'A',1,'2014-10-12 16:50:38',1),(128,'A',1,'2014-10-12 17:13:50',1),(129,'B',1,'2014-10-12 17:14:02',1),(130,'C',1,'2014-10-12 17:14:02',1),(131,'B',1,'2014-10-12 17:17:34',1),(132,'B',1,'2014-10-12 17:17:38',1),(133,'A',1,'2014-10-12 17:17:38',1),(134,'C',1,'2014-10-12 17:17:42',1),(135,'B',1,'2014-10-12 17:17:44',1),(136,'B',1,'2014-10-12 17:17:52',1),(137,'C',1,'2014-10-12 17:17:56',1),(138,'A',1,'2014-10-12 17:24:17',1),(139,'B',1,'2014-10-12 17:24:25',1),(140,'A',1,'2014-10-12 17:30:08',1),(141,'B',1,'2014-10-12 17:30:14',1),(142,'C',1,'2014-10-12 17:30:14',1),(143,'B',1,'2014-10-12 17:30:31',1),(144,'C',1,'2014-10-12 17:31:11',1),(145,'B',1,'2014-10-12 17:31:15',1),(146,'A',1,'2014-10-12 17:31:23',1),(147,'A',1,'2014-10-12 17:31:26',1),(148,'A',1,'2014-10-12 17:31:27',1),(149,'A',1,'2014-10-13 04:33:30',1),(150,'C',1,'2014-10-13 04:33:44',1),(151,'A',1,'2014-10-13 04:38:07',1),(152,'B',1,'2014-10-13 04:38:17',1),(153,'C',1,'2014-10-13 04:38:21',1),(154,'C',1,'2014-10-13 04:38:35',1),(155,'A',1,'2014-10-13 04:39:15',1),(156,'A',1,'2014-10-13 04:41:44',1),(157,'B',1,'2014-10-13 04:41:48',1),(158,'C',1,'2014-10-13 04:41:51',1),(159,'C',1,'2014-10-13 04:41:57',1),(160,'A',1,'2014-10-13 04:51:53',1),(161,'C',1,'2014-10-13 04:52:07',1),(162,'B',1,'2014-10-13 04:52:11',1),(163,'C',1,'2014-10-13 04:52:11',1),(164,'C',1,'2014-10-13 04:52:15',1),(165,'B',1,'2014-10-13 04:53:47',1),(166,'C',1,'2014-10-13 04:54:50',1),(167,'A',1,'2014-10-13 04:55:00',1),(168,'B',1,'2014-10-13 04:55:00',0),(169,'C',1,'2014-10-13 04:55:02',0),(170,'A',1,'2014-10-13 09:33:43',0),(171,'A',1,'2014-10-13 09:35:25',0),(172,'B',1,'2014-10-13 09:35:31',0),(173,'C',1,'2014-10-13 09:35:54',0),(174,'C',1,'2014-10-13 09:37:31',0);
/*!40000 ALTER TABLE `orderList_bak` ENABLE KEYS */;
UNLOCK TABLES;

--
-- Table structure for table `orderMenuList`
--

DROP TABLE IF EXISTS `orderMenuList`;
/*!40101 SET @saved_cs_client     = @@character_set_client */;
/*!40101 SET character_set_client = utf8 */;
CREATE TABLE `orderMenuList` (
  `om_id` smallint(6) NOT NULL AUTO_INCREMENT,
  `m_id` smallint(5) unsigned NOT NULL,
  `om_orderCount` smallint(5) unsigned NOT NULL,
  `om_orderTime` datetime NOT NULL,
  `om_IsCooked` tinyint(1) NOT NULL DEFAULT '0',
  `om_IsServed` tinyint(1) NOT NULL DEFAULT '0',
  `o_id` smallint(6) NOT NULL,
  PRIMARY KEY (`om_id`)
) ENGINE=InnoDB AUTO_INCREMENT=290 DEFAULT CHARSET=utf8;
/*!40101 SET character_set_client = @saved_cs_client */;

--
-- Dumping data for table `orderMenuList`
--

LOCK TABLES `orderMenuList` WRITE;
/*!40000 ALTER TABLE `orderMenuList` DISABLE KEYS */;
INSERT INTO `orderMenuList` VALUES (1,1,1,'2015-03-24 21:48:47',1,1,1),(2,2,1,'2015-03-24 21:48:47',1,1,1),(3,19,3,'2015-03-24 21:49:34',1,1,2),(4,23,1,'2015-03-24 21:49:34',1,1,2),(5,27,1,'2015-03-24 21:49:34',1,1,2),(6,28,1,'2015-03-24 22:02:01',1,1,3),(7,29,1,'2015-03-24 22:02:01',1,1,3),(8,21,1,'2015-03-25 19:53:40',1,1,4),(9,29,3,'2015-03-25 19:53:40',1,1,4),(10,21,1,'2015-03-25 19:54:32',1,1,5),(11,29,3,'2015-03-25 19:54:32',1,1,5),(12,21,1,'2015-03-25 19:57:53',1,1,6),(13,29,3,'2015-03-25 19:57:53',1,1,6),(14,10,5,'2015-03-26 13:12:09',1,1,7),(15,21,1,'2015-03-29 19:25:05',1,1,8),(16,29,3,'2015-03-29 19:25:05',1,1,8),(17,21,1,'2015-03-29 19:26:37',1,1,9),(18,29,3,'2015-03-29 19:26:37',1,1,9),(19,21,1,'2015-03-29 19:27:00',1,1,10),(20,29,3,'2015-03-29 19:27:00',1,1,10),(21,21,1,'2015-03-29 19:49:16',1,1,11),(22,29,3,'2015-03-29 19:49:16',1,1,11),(23,21,1,'2015-03-29 19:49:40',1,1,12),(24,29,3,'2015-03-29 19:49:40',1,1,12),(25,21,1,'2015-03-29 19:50:02',1,1,13),(26,29,3,'2015-03-29 19:50:02',1,1,13),(27,29,1,'2015-03-30 20:34:28',1,1,14),(28,29,1,'2015-03-30 20:34:48',1,1,15),(29,29,1,'2015-03-30 20:35:07',1,1,16),(30,29,1,'2015-03-30 20:35:25',1,1,17),(31,29,1,'2015-03-30 20:35:44',1,1,18),(32,29,1,'2015-03-30 20:36:02',1,1,19),(33,29,1,'2015-03-30 20:36:20',1,1,20),(34,29,1,'2015-03-30 20:36:37',1,1,21),(35,29,1,'2015-03-30 20:37:01',1,1,22),(36,1,1,'2015-03-30 21:37:36',1,1,23),(37,1,1,'2015-03-30 21:39:14',1,1,24),(38,1,1,'2015-03-30 21:58:06',1,1,25),(39,1,3,'2015-03-31 15:17:57',1,1,26),(40,10,1,'2015-03-31 18:55:17',1,1,27),(41,10,1,'2015-03-31 18:56:00',1,1,28),(42,5,1,'2015-03-31 18:57:46',1,1,29),(43,5,1,'2015-03-31 18:58:04',1,1,30),(44,5,1,'2015-03-31 19:17:40',1,1,31),(45,5,1,'2015-03-31 19:18:01',1,1,32),(46,5,1,'2015-03-31 19:18:20',1,1,33),(47,5,1,'2015-03-31 19:18:40',1,1,34),(48,5,1,'2015-03-31 19:56:09',1,1,35),(49,5,1,'2015-03-31 19:57:16',1,1,36),(50,5,1,'2015-03-31 19:57:39',1,1,37),(51,5,1,'2015-03-31 19:58:12',1,1,38),(52,5,1,'2015-03-31 20:04:18',1,1,39),(53,5,1,'2015-03-31 20:04:41',1,1,40),(54,1,1,'2015-04-09 20:47:34',1,1,41),(55,10,1,'2015-04-09 20:49:10',1,1,42),(56,9,1,'2015-04-09 21:08:02',1,1,43),(57,10,1,'2015-04-09 21:08:02',1,1,43),(58,1,1,'2015-04-09 22:11:43',1,1,44),(59,2,1,'2015-04-09 22:11:43',1,1,44),(60,3,1,'2015-04-09 22:11:43',1,1,44),(61,4,1,'2015-04-09 22:11:43',1,1,44),(62,9,1,'2015-04-09 22:11:43',1,1,44),(63,10,1,'2015-04-09 22:11:43',1,1,44),(64,11,1,'2015-04-09 22:11:43',1,1,44),(65,12,1,'2015-04-09 22:11:43',1,1,44),(66,13,1,'2015-04-09 22:11:43',1,1,44),(67,14,1,'2015-04-09 22:11:43',1,1,44),(68,25,1,'2015-04-09 22:11:43',1,1,44),(69,26,1,'2015-04-09 22:11:43',1,1,44),(70,27,1,'2015-04-09 22:11:43',1,1,44),(71,28,1,'2015-04-09 22:11:43',1,1,44),(72,29,1,'2015-04-09 22:11:43',1,1,44),(73,5,1,'2015-04-09 22:11:43',1,1,44),(74,6,1,'2015-04-09 22:11:43',1,1,44),(75,7,1,'2015-04-09 22:11:43',1,1,44),(76,8,1,'2015-04-09 22:11:43',1,1,44),(77,15,1,'2015-04-09 22:11:43',1,1,44),(78,16,1,'2015-04-09 22:11:43',1,1,44),(79,17,1,'2015-04-09 22:11:43',1,1,44),(80,1,1,'2015-04-09 22:43:35',1,1,45),(81,2,1,'2015-04-09 22:43:35',1,1,45),(82,3,1,'2015-04-09 22:43:35',1,1,45),(83,4,1,'2015-04-09 22:43:35',1,1,45),(84,9,1,'2015-04-09 22:43:35',1,1,45),(85,10,1,'2015-04-09 22:43:35',1,1,45),(86,11,1,'2015-04-09 22:43:35',1,1,45),(87,12,1,'2015-04-09 22:43:35',1,1,45),(88,13,1,'2015-04-09 22:43:35',1,1,45),(89,14,1,'2015-04-09 22:43:35',1,1,45),(90,25,1,'2015-04-09 22:43:35',1,1,45),(91,26,1,'2015-04-09 22:43:35',1,1,45),(92,27,1,'2015-04-09 22:43:35',1,1,45),(93,28,1,'2015-04-09 22:43:35',1,1,45),(94,29,1,'2015-04-09 22:43:35',1,1,45),(95,5,1,'2015-04-09 22:43:35',1,1,45),(96,6,1,'2015-04-09 22:43:35',1,1,45),(97,7,1,'2015-04-09 22:43:35',1,1,45),(98,8,1,'2015-04-09 22:43:35',1,1,45),(99,15,1,'2015-04-09 22:43:35',1,1,45),(100,16,1,'2015-04-09 22:43:35',1,1,45),(101,17,2,'2015-04-09 22:43:35',1,1,45),(102,9,1,'2015-04-10 09:34:56',1,1,46),(103,10,1,'2015-04-10 09:34:56',1,1,46),(104,1,1,'2015-01-02 11:48:47',1,1,47),(105,2,1,'2015-01-02 11:48:47',1,1,47),(106,19,3,'2015-01-03 11:49:47',1,1,48),(107,23,1,'2015-01-03 11:49:47',1,1,48),(108,27,1,'2015-01-03 11:49:47',1,1,48),(109,28,1,'2015-01-04 11:49:47',1,1,49),(110,29,1,'2015-01-04 11:49:47',1,1,49),(111,10,5,'2015-01-10 11:49:47',1,1,50),(112,1,1,'2015-02-02 11:48:47',1,1,51),(113,2,1,'2015-02-02 11:48:47',1,1,51),(114,1,1,'2015-02-03 11:48:47',1,1,52),(115,2,1,'2015-02-03 11:48:47',1,1,52),(116,1,1,'2015-02-03 11:48:47',1,1,53),(117,2,1,'2015-02-03 11:48:47',1,1,53),(118,19,3,'2015-02-04 11:48:47',1,1,54),(119,23,1,'2015-02-04 11:48:47',1,1,54),(120,27,1,'2015-02-04 11:48:47',1,1,54),(121,28,1,'2015-02-08 11:48:47',1,1,55),(122,29,1,'2015-02-08 11:48:47',1,1,55),(123,5,1,'2015-04-28 12:41:26',1,1,56),(124,5,1,'2015-04-28 14:08:50',1,1,57),(125,5,1,'2015-04-28 14:37:34',1,1,58),(126,5,1,'2015-04-29 20:52:29',1,1,59),(127,5,1,'2015-04-29 20:57:24',1,1,60),(128,5,1,'2015-04-29 20:58:09',1,1,61),(129,21,1,'2015-05-11 21:59:32',1,1,62),(130,29,3,'2015-05-11 21:59:32',1,1,62),(131,2,1,'2015-05-11 22:01:19',1,1,63),(132,2,1,'2015-05-12 11:10:06',1,1,64),(133,1,4,'2015-05-12 11:40:00',1,1,65),(134,2,2,'2015-05-12 11:40:00',1,1,65),(135,9,1,'2015-05-12 11:40:00',1,1,65),(136,10,3,'2015-05-12 11:40:00',1,1,65),(137,1,2,'2015-05-12 12:07:56',1,1,66),(138,2,1,'2015-05-12 12:07:56',1,1,66),(139,9,1,'2015-05-12 12:07:56',1,1,66),(140,10,2,'2015-05-12 12:07:56',1,1,66),(141,1,2,'2015-05-12 14:01:38',1,1,67),(142,2,2,'2015-05-12 14:01:38',1,1,67),(143,9,2,'2015-05-12 14:01:38',1,1,67),(144,10,2,'2015-05-12 14:01:38',1,1,67),(145,1,1,'2015-05-12 14:11:53',1,1,68),(146,1,1,'2015-05-12 15:05:20',1,1,69),(147,1,1,'2015-05-12 15:11:45',1,1,70),(148,2,1,'2015-05-12 15:11:45',1,1,70),(149,9,1,'2015-05-12 15:11:45',1,1,70),(150,10,1,'2015-05-12 15:11:45',1,1,70),(151,5,1,'2015-05-14 04:08:17',1,1,71),(152,5,1,'2015-05-14 04:11:12',1,1,72),(153,5,1,'2015-05-14 04:11:31',1,1,73),(154,5,1,'2015-05-14 04:16:57',1,1,74),(155,5,1,'2015-05-14 04:17:50',1,1,75),(156,13,1,'2015-05-14 14:31:21',1,1,76),(157,10,1,'2015-05-14 14:31:21',1,1,76),(158,2,2,'2015-05-14 14:31:21',1,1,76),(159,1,3,'2015-05-14 14:31:21',1,1,76),(160,25,1,'2015-05-14 14:31:21',1,1,76),(161,9,1,'2015-05-14 14:31:21',1,1,76),(162,10,1,'2015-05-14 14:32:31',1,1,77),(163,2,2,'2015-05-14 14:32:31',1,1,77),(164,1,2,'2015-05-14 14:32:31',1,1,77),(165,25,1,'2015-05-14 14:32:31',1,1,77),(166,9,1,'2015-05-14 14:32:31',1,1,77),(167,27,1,'2015-05-14 15:11:40',1,1,78),(168,17,1,'2015-05-14 15:11:40',1,1,78),(169,26,1,'2015-05-14 15:11:40',1,1,78),(170,1,3,'2015-05-14 15:11:40',1,1,78),(171,16,1,'2015-05-14 15:11:40',1,1,78),(172,3,1,'2015-05-14 15:11:40',1,1,78),(173,2,2,'2015-05-14 15:11:40',1,1,78),(174,25,2,'2015-05-14 15:11:40',1,1,78),(175,15,1,'2015-05-14 15:11:40',1,1,78),(176,29,1,'2015-05-14 15:11:40',1,1,78),(177,6,2,'2015-05-14 19:29:46',1,1,79),(178,1,3,'2015-05-14 19:29:46',1,1,79),(179,10,2,'2015-05-17 12:42:01',1,1,80),(180,2,1,'2015-05-17 12:42:01',1,1,80),(181,1,2,'2015-05-17 12:42:01',1,1,80),(182,9,1,'2015-05-17 12:42:01',1,1,80),(183,5,1,'2015-05-18 22:40:17',1,1,81),(184,5,1,'2015-05-18 22:57:44',1,1,82),(185,5,1,'2015-05-19 00:02:26',1,1,83),(186,5,1,'2015-05-19 00:29:53',1,1,84),(187,5,1,'2015-05-19 00:32:45',1,1,85),(188,2,1,'2015-05-19 14:23:53',1,1,86),(189,1,1,'2015-05-19 14:23:53',1,1,86),(190,1,1,'2015-05-19 14:50:57',1,1,87),(191,5,1,'2015-05-19 15:31:36',1,1,88),(192,5,1,'2015-05-19 15:32:30',1,1,89),(193,7,1,'2015-05-19 17:00:44',1,1,90),(194,1,1,'2015-05-19 17:00:44',1,1,90),(195,6,1,'2015-05-19 17:08:25',1,1,91),(196,1,1,'2015-05-19 17:08:25',1,1,91),(197,7,1,'2015-05-19 17:13:56',1,1,92),(198,1,1,'2015-05-19 17:13:56',1,1,92),(199,13,1,'2015-05-20 11:16:10',1,1,93),(200,6,2,'2015-05-20 11:16:10',1,1,93),(201,14,1,'2015-05-20 11:16:10',1,1,93),(202,12,1,'2015-05-20 11:16:10',1,1,93),(203,1,1,'2015-05-20 11:16:10',1,1,93),(204,28,1,'2015-05-20 11:16:10',1,1,93),(205,10,1,'2015-05-20 11:16:10',1,1,93),(206,11,1,'2015-05-20 11:16:10',1,1,93),(207,25,1,'2015-05-20 11:16:10',1,1,93),(208,9,1,'2015-05-20 11:16:10',1,1,93),(209,29,2,'2015-05-20 11:16:10',1,1,93),(210,9,2,'2015-05-21 03:34:09',1,1,94),(211,5,1,'2015-05-25 21:47:14',1,1,95),(212,5,1,'2015-05-25 21:55:00',1,1,96),(213,5,1,'2015-05-25 22:11:05',1,1,97),(214,5,1,'2015-05-25 22:14:24',1,1,98),(215,5,1,'2015-05-25 22:28:36',1,1,99),(216,5,1,'2015-05-25 22:29:59',1,1,100),(217,5,1,'2015-05-25 22:31:15',1,1,101),(218,5,1,'2015-05-25 22:32:32',1,1,102),(219,5,1,'2015-05-26 13:48:26',1,1,103),(220,7,1,'2015-05-26 14:42:50',1,1,104),(221,1,1,'2015-05-26 14:42:50',1,1,104),(222,7,2,'2015-05-26 15:15:34',1,1,105),(223,3,2,'2015-05-26 15:15:34',1,1,105),(224,5,1,'2015-05-26 15:23:30',1,1,106),(225,5,1,'2015-05-26 15:27:39',1,1,107),(226,4,1,'2015-05-26 15:45:38',1,1,108),(227,8,1,'2015-05-26 15:45:38',1,1,108),(228,7,1,'2015-05-26 15:48:55',1,1,109),(229,3,1,'2015-05-26 15:48:55',1,1,109),(230,2,1,'2015-05-26 15:53:14',1,1,110),(231,6,1,'2015-05-26 15:55:02',1,1,111),(232,2,1,'2015-05-26 15:55:02',1,1,111),(233,5,1,'2015-05-26 16:00:25',1,1,112),(234,1,1,'2015-05-26 16:00:25',1,1,112),(235,1,1,'2015-05-26 16:03:53',1,1,113),(236,3,1,'2015-05-26 16:07:22',1,1,114),(237,1,1,'2015-05-26 16:16:57',1,1,115),(238,5,1,'2015-05-26 16:21:23',1,1,116),(239,1,1,'2015-05-26 16:21:23',1,1,116),(240,5,1,'2015-05-26 16:37:15',1,1,117),(241,1,1,'2015-05-26 16:37:15',1,1,117),(242,5,1,'2015-05-26 16:40:55',1,1,118),(243,1,1,'2015-05-26 16:40:55',1,1,118),(244,5,1,'2015-05-26 16:49:05',1,1,119),(245,1,1,'2015-05-26 16:49:05',1,1,119),(246,5,1,'2015-05-26 16:52:13',1,1,120),(247,1,1,'2015-05-26 16:52:13',1,1,120),(248,5,1,'2015-05-26 16:54:21',1,1,121),(249,1,1,'2015-05-26 16:54:21',1,1,121),(250,5,1,'2015-05-26 16:56:52',1,1,122),(251,1,1,'2015-05-26 16:56:52',1,1,122),(252,5,1,'2015-05-26 16:58:56',1,1,123),(253,1,1,'2015-05-26 16:58:56',1,1,123),(254,5,1,'2015-05-26 17:00:29',1,1,124),(255,1,1,'2015-05-26 17:00:29',1,1,124),(256,5,1,'2015-05-26 18:26:13',1,1,125),(257,1,1,'2015-05-26 18:26:13',1,1,125),(258,5,1,'2015-05-27 12:11:16',1,1,126),(259,5,1,'2015-05-27 12:16:05',1,1,127),(260,5,1,'2015-05-27 12:18:37',1,1,128),(261,5,1,'2015-05-27 12:19:19',1,1,129),(262,5,1,'2015-05-27 12:19:59',1,1,130),(263,5,1,'2015-05-27 12:30:37',1,1,131),(264,5,1,'2015-05-27 12:33:48',1,1,132),(265,5,1,'2015-05-27 12:43:54',1,1,133),(266,5,1,'2015-05-27 12:45:59',1,1,134),(267,5,1,'2015-05-27 12:47:28',1,1,135),(268,5,1,'2015-05-27 12:49:15',1,1,136),(269,5,1,'2015-05-27 12:51:16',1,1,137),(270,5,1,'2015-05-27 12:54:04',1,1,138),(271,5,1,'2015-05-27 12:55:41',1,1,139),(272,5,1,'2015-05-27 12:56:45',1,1,140),(273,5,1,'2015-05-27 12:59:14',1,1,141),(274,5,1,'2015-05-27 13:00:23',1,1,142),(275,5,1,'2015-05-27 13:01:49',1,1,143),(276,5,1,'2015-05-27 13:04:49',1,1,144),(277,5,1,'2015-05-27 13:06:11',1,1,145),(278,5,1,'2015-05-27 13:08:30',1,1,146),(279,1,1,'2015-05-27 18:03:17',1,1,147),(280,1,1,'2015-05-27 18:52:07',1,1,148),(281,1,1,'2015-05-27 18:55:28',1,1,149),(282,1,1,'2015-05-27 20:20:17',1,1,150),(283,1,1,'2015-05-27 20:24:24',1,1,151),(284,1,1,'2015-05-27 20:29:55',1,1,152),(285,1,2,'2015-05-28 19:19:13',1,1,153),(286,1,2,'2015-05-28 19:30:48',1,1,154),(287,1,2,'2015-05-29 11:13:14',1,1,155),(288,1,2,'2015-05-29 14:43:47',1,1,156),(289,29,1,'2015-06-01 17:25:27',1,1,157);
/*!40000 ALTER TABLE `orderMenuList` ENABLE KEYS */;
UNLOCK TABLES;

--
-- Table structure for table `reservation`
--

DROP TABLE IF EXISTS `reservation`;
/*!40101 SET @saved_cs_client     = @@character_set_client */;
/*!40101 SET character_set_client = utf8 */;
CREATE TABLE `reservation` (
  `r_id` smallint(5) unsigned NOT NULL AUTO_INCREMENT,
  `r_count` smallint(5) unsigned NOT NULL,
  `r_startTime` datetime NOT NULL,
  `r_note` char(50) DEFAULT NULL,
  PRIMARY KEY (`r_id`)
) ENGINE=InnoDB DEFAULT CHARSET=utf8;
/*!40101 SET character_set_client = @saved_cs_client */;

--
-- Dumping data for table `reservation`
--

LOCK TABLES `reservation` WRITE;
/*!40000 ALTER TABLE `reservation` DISABLE KEYS */;
/*!40000 ALTER TABLE `reservation` ENABLE KEYS */;
UNLOCK TABLES;

--
-- Table structure for table `sideMenu`
--

DROP TABLE IF EXISTS `sideMenu`;
/*!40101 SET @saved_cs_client     = @@character_set_client */;
/*!40101 SET character_set_client = utf8 */;
CREATE TABLE `sideMenu` (
  `s_id` smallint(5) unsigned NOT NULL AUTO_INCREMENT,
  `s_name` char(15) NOT NULL,
  `s_picture` char(100) DEFAULT NULL,
  PRIMARY KEY (`s_id`)
) ENGINE=InnoDB AUTO_INCREMENT=7 DEFAULT CHARSET=utf8;
/*!40101 SET character_set_client = @saved_cs_client */;

--
-- Dumping data for table `sideMenu`
--

LOCK TABLES `sideMenu` WRITE;
/*!40000 ALTER TABLE `sideMenu` DISABLE KEYS */;
INSERT INTO `sideMenu` VALUES (1,'더운야채','/images/menu/sidemenu/img_side_dish2.png'),(2,'구운 통감자','/images/menu/sidemenu/img_side_dish5.png'),(3,'으깬감자','/images/menu/sidemenu/img_side_dish3.png'),(4,'감자튀김','/images/menu/sidemenu/img_side_dish6.png'),(5,'구운 통고구마','/images/menu/sidemenu/img_side_dish4.png'),(6,'볶음밥','/images/menu/sidemenu/img_side_dish1.png');
/*!40000 ALTER TABLE `sideMenu` ENABLE KEYS */;
UNLOCK TABLES;

--
-- Table structure for table `star`
--

DROP TABLE IF EXISTS `star`;
/*!40101 SET @saved_cs_client     = @@character_set_client */;
/*!40101 SET character_set_client = utf8 */;
CREATE TABLE `star` (
  `st_id` smallint(6) NOT NULL AUTO_INCREMENT,
  `st_cnt` int(10) unsigned NOT NULL,
  `st_regTime` datetime NOT NULL,
  `st_menuID` smallint(6) NOT NULL,
  PRIMARY KEY (`st_id`)
) ENGINE=InnoDB AUTO_INCREMENT=196 DEFAULT CHARSET=utf8;
/*!40101 SET character_set_client = @saved_cs_client */;

--
-- Dumping data for table `star`
--

LOCK TABLES `star` WRITE;
/*!40000 ALTER TABLE `star` DISABLE KEYS */;
INSERT INTO `star` VALUES (1,5,'2015-04-27 23:31:12',1),(2,3,'2015-04-27 23:31:25',1),(3,4,'2015-04-27 23:31:32',2),(4,4,'2015-04-27 23:31:35',2),(5,5,'2015-04-27 23:31:43',3),(6,5,'2015-04-28 00:04:06',7),(7,3,'2015-04-28 00:04:16',8),(8,4,'2015-04-28 00:04:24',5),(9,5,'2015-04-28 00:16:05',4),(10,5,'2015-05-09 15:31:44',1),(11,5,'2015-05-09 15:34:08',6),(12,5,'2015-05-09 15:36:08',6),(13,3,'2015-05-09 15:36:12',6),(14,3,'2015-05-09 15:42:12',6),(15,1,'2015-05-09 15:42:54',6),(16,1,'2015-05-09 15:43:28',6),(17,1,'2015-05-09 15:43:31',6),(18,1,'2015-05-09 15:43:34',6),(19,1,'2015-05-09 16:27:10',6),(20,1,'2015-05-09 16:27:14',6),(21,4,'2015-05-09 16:28:06',16),(22,1,'2015-05-09 19:56:23',23),(23,1,'2015-05-09 19:56:39',23),(24,1,'2015-05-09 19:57:19',23),(25,1,'2015-05-09 20:43:41',8),(26,1,'2015-05-09 20:45:09',8),(27,1,'2015-05-09 20:45:29',8),(28,1,'2015-05-09 20:45:29',8),(29,1,'2015-05-09 20:45:29',8),(30,1,'2015-05-09 20:45:29',8),(31,1,'2015-05-09 20:45:30',8),(32,1,'2015-05-09 20:46:31',8),(33,1,'2015-05-09 20:53:38',8),(34,2,'2015-05-09 20:53:39',8),(35,3,'2015-05-09 20:53:39',8),(36,4,'2015-05-09 20:53:39',8),(37,5,'2015-05-09 20:53:39',8),(38,1,'2015-05-09 20:53:46',8),(39,2,'2015-05-09 20:53:46',8),(40,3,'2015-05-09 20:53:47',8),(41,4,'2015-05-09 20:53:47',8),(42,5,'2015-05-09 20:53:47',8),(43,1,'2015-05-09 20:54:52',6),(44,2,'2015-05-09 20:54:52',6),(45,3,'2015-05-09 20:54:52',6),(46,4,'2015-05-09 20:54:52',6),(47,5,'2015-05-09 20:54:52',6),(48,1,'2015-05-09 22:42:46',6),(49,1,'2015-05-09 22:51:00',6),(50,1,'2015-05-10 01:32:02',6),(51,1,'2015-05-10 01:33:46',6),(52,5,'2015-05-10 01:33:54',6),(53,5,'2015-05-10 01:33:57',8),(54,5,'2015-05-10 01:34:00',5),(55,5,'2015-05-10 01:34:04',2),(56,4,'2015-05-10 01:34:06',4),(57,5,'2015-05-10 01:34:33',6),(58,5,'2015-05-10 01:34:33',6),(59,5,'2015-05-10 01:34:33',6),(60,5,'2015-05-10 01:34:33',6),(61,5,'2015-05-10 01:34:33',6),(62,5,'2015-05-10 01:34:33',6),(63,5,'2015-05-10 01:34:34',6),(64,5,'2015-05-10 01:34:34',6),(65,3,'2015-05-10 01:34:54',15),(66,3,'2015-05-10 01:34:54',15),(67,3,'2015-05-10 01:34:54',15),(68,3,'2015-05-10 01:34:54',15),(69,4,'2015-05-10 01:34:57',10),(70,2,'2015-05-10 01:34:57',10),(71,4,'2015-05-10 01:34:59',14),(72,5,'2015-05-10 01:34:59',14),(73,2,'2015-05-10 01:35:00',14),(74,5,'2015-05-10 01:35:01',11),(75,5,'2015-05-10 01:35:02',11),(76,5,'2015-05-10 01:35:02',11),(77,5,'2015-05-10 01:35:03',25),(78,3,'2015-05-10 01:35:04',25),(79,5,'2015-05-10 01:35:05',29),(80,4,'2015-05-10 01:35:05',29),(81,5,'2015-05-10 01:35:21',23),(82,3,'2015-05-10 01:35:21',23),(83,2,'2015-05-10 01:35:21',23),(84,4,'2015-05-10 01:35:22',23),(85,4,'2015-05-10 01:35:23',21),(86,2,'2015-05-10 01:35:23',21),(87,1,'2015-05-10 01:35:23',21),(88,5,'2015-05-10 01:35:24',19),(89,3,'2015-05-10 01:35:24',19),(90,2,'2015-05-10 01:35:25',19),(91,3,'2015-05-10 01:35:26',24),(92,4,'2015-05-10 01:35:26',24),(93,1,'2015-05-10 01:35:26',24),(94,3,'2015-05-10 01:35:27',22),(95,1,'2015-05-10 01:35:28',22),(96,1,'2015-05-10 01:35:29',20),(97,4,'2015-05-10 01:35:29',20),(98,5,'2015-05-10 01:35:30',18),(99,3,'2015-05-10 01:35:30',18),(100,1,'2015-05-10 01:35:31',18),(101,5,'2015-05-10 01:35:32',28),(102,3,'2015-05-10 01:35:32',28),(103,5,'2015-05-10 01:35:33',26),(104,3,'2015-05-10 01:35:34',26),(105,2,'2015-05-10 01:36:53',26),(106,3,'2015-05-10 01:36:53',26),(107,1,'2015-05-10 01:41:58',26),(108,1,'2015-05-10 01:45:33',26),(109,5,'2015-05-10 01:45:36',26),(110,1,'2015-05-10 01:45:40',20),(111,3,'2015-05-10 01:45:42',20),(112,4,'2015-05-10 01:45:44',22),(113,3,'2015-05-10 01:45:44',22),(114,1,'2015-05-10 01:51:53',22),(115,4,'2015-05-10 01:51:56',22),(116,5,'2015-05-10 01:54:01',22),(117,5,'2015-05-10 01:54:36',22),(118,5,'2015-05-10 01:55:10',22),(119,5,'2015-05-10 01:56:36',24),(120,5,'2015-05-10 02:01:13',6),(121,5,'2015-05-10 02:01:22',5),(122,1,'2015-05-10 02:03:06',6),(123,5,'2015-05-10 02:03:10',8),(124,5,'2015-05-10 02:03:15',5),(125,5,'2015-05-10 02:13:23',5),(126,5,'2015-05-10 02:13:30',5),(127,5,'2015-05-10 02:15:12',5),(128,5,'2015-05-10 02:17:24',5),(129,5,'2015-05-10 02:17:48',5),(130,5,'2015-05-10 02:18:22',5),(131,5,'2015-05-10 02:22:13',5),(132,5,'2015-05-10 02:27:25',5),(133,5,'2015-05-10 02:30:47',4),(134,1,'2015-05-10 16:35:12',6),(135,1,'2015-05-10 16:36:44',6),(136,1,'2015-05-10 16:37:15',6),(137,1,'2015-05-10 16:37:21',6),(138,2,'2015-05-10 16:38:49',6),(139,1,'2015-05-10 16:40:13',6),(140,1,'2015-05-10 16:41:33',6),(141,1,'2015-05-10 17:03:34',6),(142,1,'2015-05-10 17:16:43',6),(143,5,'2015-05-10 17:36:18',6),(144,1,'2015-05-10 21:08:19',6),(145,5,'2015-05-10 21:38:44',6),(146,5,'2015-05-10 21:39:11',7),(147,5,'2015-05-10 21:40:56',6),(148,5,'2015-05-10 21:41:16',6),(149,1,'2015-05-10 21:53:13',6),(150,1,'2015-05-11 18:25:10',8),(151,5,'2015-05-11 21:16:27',1),(152,4,'2015-05-12 10:14:59',18),(153,5,'2015-05-12 10:15:53',23),(154,5,'2015-05-12 10:15:57',21),(155,4,'2015-05-12 10:16:02',21),(156,5,'2015-05-12 10:16:06',19),(157,4,'2015-05-12 10:16:09',19),(158,3,'2015-05-12 10:16:13',24),(159,3,'2015-05-12 10:16:15',24),(160,5,'2015-05-12 10:16:19',22),(161,4,'2015-05-12 10:16:22',22),(162,4,'2015-05-12 10:16:24',22),(163,5,'2015-05-12 10:16:28',20),(164,1,'2015-05-12 10:16:31',20),(165,1,'2015-05-12 10:16:37',29),(166,5,'2015-05-12 10:16:45',28),(167,3,'2015-05-12 10:17:19',26),(168,5,'2015-05-12 10:17:22',26),(169,5,'2015-05-12 10:17:25',14),(170,5,'2015-05-12 10:17:28',14),(171,5,'2015-05-12 10:17:31',12),(172,4,'2015-05-12 10:17:35',12),(173,4,'2015-05-12 10:17:38',10),(174,5,'2015-05-12 10:17:41',10),(175,4,'2015-05-12 10:19:05',17),(176,5,'2015-05-12 10:19:08',17),(177,5,'2015-05-12 10:19:13',16),(178,5,'2015-05-12 10:19:17',11),(179,5,'2015-05-12 10:19:21',13),(180,4,'2015-05-12 10:19:24',10),(181,5,'2015-05-12 10:19:28',12),(182,4,'2015-05-12 10:19:32',14),(183,5,'2015-05-12 10:19:35',26),(184,5,'2015-05-12 10:19:41',28),(185,5,'2015-05-12 10:19:45',25),(186,4,'2015-05-12 10:19:49',27),(187,5,'2015-05-12 10:19:52',27),(188,5,'2015-05-12 10:19:55',29),(189,5,'2015-05-12 10:19:59',20),(190,5,'2015-05-12 13:40:45',5),(191,1,'2015-05-12 13:41:36',5),(192,1,'2015-05-12 14:18:19',5),(193,1,'2015-05-12 16:27:28',6),(194,4,'2015-05-18 01:19:31',10),(195,5,'2015-05-20 12:36:54',5);
/*!40000 ALTER TABLE `star` ENABLE KEYS */;
UNLOCK TABLES;

--
-- Table structure for table `stores`
--

DROP TABLE IF EXISTS `stores`;
/*!40101 SET @saved_cs_client     = @@character_set_client */;
/*!40101 SET character_set_client = utf8 */;
CREATE TABLE `stores` (
  `st_id` smallint(5) unsigned NOT NULL AUTO_INCREMENT,
  `st_name` char(15) NOT NULL,
  `st_location` char(30) NOT NULL,
  `st_phoneNum` char(15) NOT NULL,
  `st_class` char(10) NOT NULL,
  PRIMARY KEY (`st_id`)
) ENGINE=InnoDB AUTO_INCREMENT=21 DEFAULT CHARSET=utf8;
/*!40101 SET character_set_client = @saved_cs_client */;

--
-- Dumping data for table `stores`
--

LOCK TABLES `stores` WRITE;
/*!40000 ALTER TABLE `stores` DISABLE KEYS */;
INSERT INTO `stores` VALUES (1,'인천작전점','인천 계양구 작전동 866-30 다동 2층','032-549-2681','incheon'),(2,'부천상동점','경기도 부천시 원미구 상동 535-8','032-327-2571','gungi'),(3,'부평역사점','인천 부평구 부평동 738-21 (2층)','032-502-2071','incheon'),(4,'부천역사점','경기 부천시 소사구 심곡본동 316-2 제가호 제2층','032-654-0761','gungi'),(5,'인천구월점','인천 남동구 구월동 1126-1','032-431-1761','incheon'),(6,'인천연수점','인천 연수구 동춘동 1114-2','032-821-0641','incheon'),(7,'공항점','서울 강서구 등촌동 672-1','02-3661-1101','seoul'),(8,'목동점','서울 양천구 목4동 805-3','02-2649-5315','seoul'),(9,'구로AKPLAZA','서울시 구로구 구로5동 573번지 AK 플라자 1층','02-855-7921','seoul'),(10,'가산점','서울특별시 금천구 가산동 60-8 현대아울렛 7층','02-2136-9971~3','seoul'),(11,'독산점','서울 금천구 독산동 291-5 (시티렉스 B1)','02-893-2911','seoul'),(12,'신대방점','서울 동작구 신대방동 375-1','02-821-0671','seoul'),(13,'서울대점','서울 관악구 낙성대동 1601-1','02-884-4761','seoul'),(14,'사당점','서울 관악구 남현동 1059-1','02-3471-1651','seoul'),(15,'여의도점','서울 영등포구 여의도동 34-12번지 신영증권빌딩 지하','02-761-2961~3','seoul'),(16,'안양평촌점','경기 안양시 동안구 호계동 1043-1','031-387-3761','gungi'),(17,'안산고잔점','경기 안산시 단원구 고잔동 530-2','031-405-4691','gungi'),(18,'이태원점','서울특별시용산구이태원동 128-13번지 3층~4층','02-749-5101','seoul'),(19,'신촌점','서울 서대문구 창천동 2-6','02-3147-1871','seoul'),(20,'서대문점','서울 중구 의주로1가 25-10','02-6325-2501','seoul');
/*!40000 ALTER TABLE `stores` ENABLE KEYS */;
UNLOCK TABLES;

--
-- Table structure for table `tableClean`
--

DROP TABLE IF EXISTS `tableClean`;
/*!40101 SET @saved_cs_client     = @@character_set_client */;
/*!40101 SET character_set_client = utf8 */;
CREATE TABLE `tableClean` (
  `t_id` smallint(6) NOT NULL AUTO_INCREMENT,
  `t_empName` char(10) NOT NULL,
  `t_finishTime` datetime NOT NULL,
  `o_id` smallint(6) NOT NULL,
  PRIMARY KEY (`t_id`)
) ENGINE=InnoDB DEFAULT CHARSET=utf8;
/*!40101 SET character_set_client = @saved_cs_client */;

--
-- Dumping data for table `tableClean`
--

LOCK TABLES `tableClean` WRITE;
/*!40000 ALTER TABLE `tableClean` DISABLE KEYS */;
/*!40000 ALTER TABLE `tableClean` ENABLE KEYS */;
UNLOCK TABLES;

--
-- Table structure for table `tableList`
--

DROP TABLE IF EXISTS `tableList`;
/*!40101 SET @saved_cs_client     = @@character_set_client */;
/*!40101 SET character_set_client = utf8 */;
CREATE TABLE `tableList` (
  `t_id` smallint(6) NOT NULL AUTO_INCREMENT,
  `t_tableNum` smallint(6) NOT NULL,
  `o_id` smallint(6) NOT NULL,
  PRIMARY KEY (`t_id`)
) ENGINE=InnoDB AUTO_INCREMENT=160 DEFAULT CHARSET=utf8;
/*!40101 SET character_set_client = @saved_cs_client */;

--
-- Dumping data for table `tableList`
--

LOCK TABLES `tableList` WRITE;
/*!40000 ALTER TABLE `tableList` DISABLE KEYS */;
INSERT INTO `tableList` VALUES (1,1,1),(2,2,2),(3,3,2),(4,4,3),(5,4,4),(6,5,5),(7,6,6),(8,1,7),(9,2,7),(10,3,8),(11,4,9),(12,5,10),(13,7,11),(14,8,12),(15,9,13),(16,10,14),(17,11,15),(18,12,16),(19,13,17),(20,14,18),(21,15,19),(22,16,20),(23,17,21),(24,18,22),(25,3,23),(26,4,23),(27,1,24),(28,2,24),(29,5,25),(30,6,25),(31,3,26),(32,4,26),(33,1,27),(34,2,28),(35,3,29),(36,4,30),(37,1,31),(38,2,32),(39,3,33),(40,4,34),(41,5,35),(42,6,36),(43,7,37),(44,8,38),(45,9,39),(46,10,40),(47,1,41),(48,2,41),(49,3,42),(50,4,42),(51,5,43),(52,6,43),(53,9,44),(54,10,44),(55,13,45),(56,14,45),(57,7,46),(58,8,56),(59,11,57),(60,17,58),(61,12,59),(62,15,60),(63,16,61),(64,1,62),(65,2,63),(66,3,64),(67,4,65),(68,5,66),(69,5,67),(70,5,68),(71,5,69),(72,2,70),(73,1,71),(74,3,72),(75,6,73),(76,7,74),(77,18,75),(78,1,76),(79,1,77),(80,1,78),(81,1,79),(82,1,80),(83,1,81),(84,2,82),(85,5,83),(86,6,84),(87,7,85),(88,1,86),(89,1,87),(90,8,88),(91,9,89),(92,1,90),(93,1,91),(94,1,92),(95,1,93),(96,2,94),(97,9,95),(98,8,96),(99,7,97),(100,6,98),(101,5,99),(102,4,100),(103,3,101),(104,2,102),(105,15,103),(106,2,104),(107,2,105),(108,1,106),(109,1,107),(110,2,108),(111,2,109),(112,2,110),(113,2,111),(114,1,112),(115,1,113),(116,1,114),(117,1,115),(118,1,116),(119,1,117),(120,1,118),(121,1,119),(122,1,120),(123,1,121),(124,1,122),(125,1,123),(126,1,124),(127,1,125),(128,2,126),(129,3,127),(130,4,128),(131,5,129),(132,6,130),(133,2,131),(134,1,132),(135,1,133),(136,2,134),(137,2,135),(138,1,136),(139,1,137),(140,2,138),(141,2,139),(142,1,140),(143,1,141),(144,2,142),(145,2,143),(146,1,144),(147,1,145),(148,2,146),(149,1,147),(150,1,148),(151,1,149),(152,1,150),(153,1,151),(154,1,152),(155,1,153),(156,1,154),(157,1,155),(158,1,156),(159,1,157);
/*!40000 ALTER TABLE `tableList` ENABLE KEYS */;
UNLOCK TABLES;

--
-- Table structure for table `tableStatus`
--

DROP TABLE IF EXISTS `tableStatus`;
/*!40101 SET @saved_cs_client     = @@character_set_client */;
/*!40101 SET character_set_client = utf8 */;
CREATE TABLE `tableStatus` (
  `ts_tableNum` smallint(5) unsigned NOT NULL,
  `ts_status` char(10) NOT NULL,
  `ts_beforeStatus` char(10) NOT NULL,
  `ts_recentlyChange` datetime NOT NULL DEFAULT '0000-00-00 00:00:00',
  PRIMARY KEY (`ts_tableNum`)
) ENGINE=InnoDB DEFAULT CHARSET=utf8;
/*!40101 SET character_set_client = @saved_cs_client */;

--
-- Dumping data for table `tableStatus`
--

LOCK TABLES `tableStatus` WRITE;
/*!40000 ALTER TABLE `tableStatus` DISABLE KEYS */;
INSERT INTO `tableStatus` VALUES (1,'empty','have','2015-06-01 19:45:21'),(2,'empty','have','2015-05-27 17:56:21'),(3,'empty','have','2015-05-27 12:29:04'),(4,'empty','have','2015-05-27 12:29:10'),(5,'empty','have','2015-05-27 12:29:19'),(6,'empty','have','2015-05-27 12:29:28'),(7,'empty','have','2015-05-25 22:36:17'),(8,'empty','have','2015-05-25 22:36:33'),(9,'empty','have','2015-05-25 22:36:41'),(10,'empty','have','2015-05-14 15:43:41'),(11,'empty','have','2015-05-14 15:44:19'),(12,'empty','have','2015-05-14 15:44:36'),(13,'empty','have','2015-05-14 15:44:52'),(14,'empty','have','2015-05-14 15:44:52'),(15,'empty','have','2015-05-27 12:10:44'),(16,'empty','have','2015-05-14 15:45:23'),(17,'empty','have','2015-05-14 15:45:32'),(18,'empty','have','2015-05-25 21:44:25');
/*!40000 ALTER TABLE `tableStatus` ENABLE KEYS */;
UNLOCK TABLES;
/*!40103 SET TIME_ZONE=@OLD_TIME_ZONE */;

/*!40101 SET SQL_MODE=@OLD_SQL_MODE */;
/*!40014 SET FOREIGN_KEY_CHECKS=@OLD_FOREIGN_KEY_CHECKS */;
/*!40014 SET UNIQUE_CHECKS=@OLD_UNIQUE_CHECKS */;
/*!40101 SET CHARACTER_SET_CLIENT=@OLD_CHARACTER_SET_CLIENT */;
/*!40101 SET CHARACTER_SET_RESULTS=@OLD_CHARACTER_SET_RESULTS */;
/*!40101 SET COLLATION_CONNECTION=@OLD_COLLATION_CONNECTION */;
/*!40111 SET SQL_NOTES=@OLD_SQL_NOTES */;

-- Dump completed on 2015-06-02 12:08:13
